抓取时间,预售证号,楼栋,单元,楼层,门牌号,户型,面积,预售申报价,销售状态,出售日期
20260513_170055,GX2025007,1号楼,第1单元,1层,101,三室二厅,126.53m²,24127元/㎡,可售,
20260513_170055,GX2025007,1号楼,第1单元,1层,102,三室二厅,118.74m²,24127元/㎡,可售,
20260513_170055,GX2025007,1号楼,第1单元,2层,201,三室二厅,126.53m²,15254元/㎡,已售,
20260513_170055,GX2025007,1号楼,第1单元,2层,202,三室二厅,126.53m²,15254元/㎡,已售,
20260513_170055,GX2025007,1号楼,第1单元,3层,301,三室二厅,126.53m²,15374元/㎡,已售,
20260513_170055,GX2025007,1号楼,第1单元,3层,302,三室二厅,126.53m²,15374元/㎡,可售,
20260513_170055,GX2025007,1号楼,第1单元,4层,401,三室二厅,126.53m²,15010元/㎡,可售,
20260513_170055,GX2025007,1号楼,第1单元,4层,402,三室二厅,126.53m²,15010元/㎡,已售,
20260513_170055,GX2025007,1号楼,第1单元,5层,501,三室二厅,126.53m²,15739元/㎡,已售,
20260513_170055,GX2025007,1号楼,第1单元,5层,502,三室二厅,126.53m²,15739元/㎡,已售,
20260513_170055,GX2025007,1号楼,第1单元,6层,601,三室二厅,126.53m²,15739元/㎡,已售,
20260513_170055,GX2025007,1号楼,第1单元,6层,602,三室二厅,126.53m²,15739元/㎡,可售,
20260513_170055,GX2025007,1号楼,第1单元,7层,701,三室二厅,126.53m²,15496元/㎡,已售,
20260513_170055,GX2025007,1号楼,第1单元,7层,702,三室二厅,126.53m²,15496元/㎡,已售,
20260513_170055,GX2025007,1号楼,第1单元,8层,801,顶层复式,159.37m²,20480元/㎡,已售,
20260513_170055,GX2025007,1号楼,第1单元,8层,802,顶层复式,159.37m²,20480元/㎡,已售,
20260513_170055,GX2025007,1号楼,第2单元,1层,101,三室二厅,143.78m²,24249元/㎡,已售,
20260513_170055,GX2025007,1号楼,第2单元,1层,102,三室二厅,137.9m²,24249元/㎡,可售,
20260513_170055,GX2025007,1号楼,第2单元,2层,201,三室二厅,143.78m²,15374元/㎡,可售,
20260513_170055,GX2025007,1号楼,第2单元,2层,202,三室二厅,143.78m²,15374元/㎡,可售,
20260513_170055,GX2025007,1号楼,第2单元,3层,301,三室二厅,143.78m²,15496元/㎡,可售,
20260513_170055,GX2025007,1号楼,第2单元,3层,302,三室二厅,143.78m²,15496元/㎡,可售,
20260513_170055,GX2025007,1号楼,第2单元,4层,401,三室二厅,143.78m²,15132元/㎡,可售,
20260513_170055,GX2025007,1号楼,第2单元,4层,402,三室二厅,143.78m²,15132元/㎡,已售,
20260513_170055,GX2025007,1号楼,第2单元,5层,501,三室二厅,143.78m²,15861元/㎡,可售,
20260513_170055,GX2025007,1号楼,第2单元,5层,502,三室二厅,143.78m²,15861元/㎡,可售,
20260513_170055,GX2025007,1号楼,第2单元,6层,601,三室二厅,143.78m²,15861元/㎡,已售,
20260513_170055,GX2025007,1号楼,第2单元,6层,602,三室二厅,143.78m²,15861元/㎡,可售,
20260513_170055,GX2025007,1号楼,第2单元,7层,701,三室二厅,143.78m²,15618元/㎡,可售,
20260513_170055,GX2025007,1号楼,第2单元,7层,702,三室二厅,143.78m²,15618元/㎡,可售,
20260513_170055,GX2025007,1号楼,第2单元,8层,801,顶层复式,176.52m²,20602元/㎡,可售,
20260513_170055,GX2025007,1号楼,第2单元,8层,802,顶层复式,176.52m²,20602元/㎡,可售,
20260513_170055,GX2025007,1号楼,第3单元,1层,101,三室二厅,137.9m²,24286元/㎡,已售,
20260513_170055,GX2025007,1号楼,第3单元,1层,102,三室二厅,143.78m²,24310元/㎡,已售,
20260513_170055,GX2025007,1号楼,第3单元,2层,201,三室二厅,143.78m²,15411元/㎡,可售,
20260513_170055,GX2025007,1号楼,第3单元,2层,202,三室二厅,143.78m²,15435元/㎡,可售,
20260513_170055,GX2025007,1号楼,第3单元,3层,301,三室二厅,143.78m²,15533元/㎡,可售,
20260513_170055,GX2025007,1号楼,第3单元,3层,302,三室二厅,143.78m²,15557元/㎡,可售,
20260513_170055,GX2025007,1号楼,第3单元,4层,401,三室二厅,143.78m²,15169元/㎡,可售,
20260513_170055,GX2025007,1号楼,第3单元,4层,402,三室二厅,143.78m²,15193元/㎡,已售,
20260513_170055,GX2025007,1号楼,第3单元,5层,501,三室二厅,143.78m²,15898元/㎡,可售,
20260513_170055,GX2025007,1号楼,第3单元,5层,502,三室二厅,143.78m²,15922元/㎡,可售,
20260513_170055,GX2025007,1号楼,第3单元,6层,601,三室二厅,143.78m²,15898元/㎡,已售,
20260513_170055,GX2025007,1号楼,第3单元,6层,602,三室二厅,143.78m²,15922元/㎡,可售,
20260513_170055,GX2025007,1号楼,第3单元,7层,701,三室二厅,143.78m²,15654元/㎡,已售,
20260513_170055,GX2025007,1号楼,第3单元,7层,702,三室二厅,143.78m²,15679元/㎡,可售,
20260513_170055,GX2025007,1号楼,第3单元,8层,801,顶层复式,176.52m²,20638元/㎡,可售,
20260513_170055,GX2025007,1号楼,第3单元,8层,802,顶层复式,176.52m²,20663元/㎡,可售,
20260513_170055,GX2025005,2号楼,第1单元,1层,101,三室二厅,143.77m²,24168元/㎡,已售,
20260513_170055,GX2025005,2号楼,第1单元,1层,102,三室二厅,137.89m²,24229元/㎡,可售,
20260513_170055,GX2025005,2号楼,第1单元,1层,地下车库排风井,,4.82m²,,不可售,
20260513_170055,GX2025005,2号楼,第1单元,2层,201,三室二厅,143.77m²,15294元/㎡,可售,
20260513_170055,GX2025005,2号楼,第1单元,2层,202,三室二厅,143.77m²,15355元/㎡,可售,
20260513_170055,GX2025005,2号楼,第1单元,3层,301,三室二厅,143.77m²,15416元/㎡,可售,
20260513_170055,GX2025005,2号楼,第1单元,3层,302,三室二厅,143.77m²,15477元/㎡,可售,
20260513_170055,GX2025005,2号楼,第1单元,4层,401,三室二厅,143.77m²,15051元/㎡,可售,
20260513_170055,GX2025005,2号楼,第1单元,4层,402,三室二厅,143.77m²,15112元/㎡,可售,
20260513_170055,GX2025005,2号楼,第1单元,5层,501,三室二厅,143.77m²,15780元/㎡,已售,
20260513_170055,GX2025005,2号楼,第1单元,5层,502,三室二厅,143.77m²,15841元/㎡,已售,
20260513_170055,GX2025005,2号楼,第1单元,6层,601,三室二厅,143.77m²,15780元/㎡,已售,
20260513_170055,GX2025005,2号楼,第1单元,6层,602,三室二厅,143.77m²,15841元/㎡,可售,
20260513_170055,GX2025005,2号楼,第1单元,7层,701,顶层复式,176.51m²,20522元/㎡,已售,
20260513_170055,GX2025005,2号楼,第1单元,7层,702,顶层复式,176.51m²,20583元/㎡,可售,
20260513_170055,GX2025005,2号楼,第2单元,1层,101,三室二厅,137.89m²,24266元/㎡,已售,
20260513_170055,GX2025005,2号楼,第2单元,1层,102,三室二厅,143.77m²,24290元/㎡,可售,
20260513_170055,GX2025005,2号楼,第2单元,2层,201,三室二厅,143.77m²,15392元/㎡,可售,
20260513_170055,GX2025005,2号楼,第2单元,2层,202,三室二厅,143.77m²,15416元/㎡,已售,
20260513_170055,GX2025005,2号楼,第2单元,3层,301,三室二厅,143.77m²,15514元/㎡,已售,
20260513_170055,GX2025005,2号楼,第2单元,3层,302,三室二厅,143.77m²,15538元/㎡,已售,
20260513_170055,GX2025005,2号楼,第2单元,4层,401,三室二厅,143.77m²,15149元/㎡,已售,
20260513_170055,GX2025005,2号楼,第2单元,4层,402,三室二厅,143.77m²,15173元/㎡,已售,
20260513_170055,GX2025005,2号楼,第2单元,5层,501,三室二厅,143.77m²,15878元/㎡,已售,
20260513_170055,GX2025005,2号楼,第2单元,5层,502,三室二厅,143.77m²,15902元/㎡,已售,
20260513_170055,GX2025005,2号楼,第2单元,6层,601,三室二厅,143.77m²,15878元/㎡,已售,
20260513_170055,GX2025005,2号楼,第2单元,6层,602,三室二厅,143.77m²,15902元/㎡,已售,
20260513_170055,GX2025005,2号楼,第2单元,7层,701,顶层复式,176.51m²,20618元/㎡,已售,
20260513_170055,GX2025005,2号楼,第2单元,7层,702,顶层复式,176.51m²,20644元/㎡,已售,
20260513_170055,GX2025015,4号楼,第1单元,1层,101,三室二厅,143.77m²,23463元/㎡,可售,
20260513_170055,GX2025015,4号楼,第1单元,1层,102,三室二厅,137.9m²,22608元/㎡,可售,
20260513_170055,GX2025015,4号楼,第1单元,2层,201,三室二厅,143.77m²,15417元/㎡,可售,
20260513_170055,GX2025015,4号楼,第1单元,2层,202,三室二厅,143.77m²,15455元/㎡,可售,
20260513_170055,GX2025015,4号楼,第1单元,3层,301,三室二厅,143.77m²,15667元/㎡,可售,
20260513_170055,GX2025015,4号楼,第1单元,3层,302,三室二厅,143.77m²,15705元/㎡,可售,
20260513_170055,GX2025015,4号楼,第1单元,4层,401,三室二厅,143.77m²,15480元/㎡,可售,
20260513_170055,GX2025015,4号楼,第1单元,4层,402,三室二厅,143.77m²,15517元/㎡,可售,
20260513_170055,GX2025015,4号楼,第1单元,5层,501,三室二厅,143.77m²,15730元/㎡,可售,
20260513_170055,GX2025015,4号楼,第1单元,5层,502,三室二厅,143.77m²,15767元/㎡,可售,
20260513_170055,GX2025015,4号楼,第1单元,6层,601,三室二厅,143.77m²,15792元/㎡,可售,
20260513_170055,GX2025015,4号楼,第1单元,6层,602,三室二厅,143.77m²,15830元/㎡,可售,
20260513_170055,GX2025015,4号楼,第1单元,7层,701,顶层复式,176.51m²,18916元/㎡,可售,
20260513_170055,GX2025015,4号楼,第1单元,7层,702,顶层复式,176.51m²,19037元/㎡,可售,
20260513_170055,GX2025015,4号楼,第2单元,1层,101,三室二厅,137.9m²,23110元/㎡,可售,
20260513_170055,GX2025015,4号楼,第2单元,1层,102,三室二厅,143.77m²,23784元/㎡,可售,
20260513_170055,GX2025015,4号楼,第2单元,2层,201,三室二厅,143.77m²,15580元/㎡,可售,
20260513_170055,GX2025015,4号楼,第2单元,2层,202,三室二厅,143.77m²,15617元/㎡,可售,
20260513_170055,GX2025015,4号楼,第2单元,3层,301,三室二厅,143.77m²,15830元/㎡,可售,
20260513_170055,GX2025015,4号楼,第2单元,3层,302,三室二厅,143.77m²,15867元/㎡,可售,
20260513_170055,GX2025015,4号楼,第2单元,4层,401,三室二厅,143.77m²,15642元/㎡,可售,
20260513_170055,GX2025015,4号楼,第2单元,4层,402,三室二厅,143.77m²,15680元/㎡,可售,
20260513_170055,GX2025015,4号楼,第2单元,5层,501,三室二厅,143.77m²,15892元/㎡,可售,
20260513_170055,GX2025015,4号楼,第2单元,5层,502,三室二厅,143.77m²,15930元/㎡,可售,
20260513_170055,GX2025015,4号楼,第2单元,6层,601,三室二厅,143.77m²,15955元/㎡,可售,
20260513_170055,GX2025015,4号楼,第2单元,6层,602,三室二厅,143.77m²,15992元/㎡,可售,
20260513_170055,GX2025015,4号楼,第2单元,7层,701,顶层复式,176.51m²,19162元/㎡,可售,
20260513_170055,GX2025015,4号楼,第2单元,7层,702,顶层复式,176.51m²,19116元/㎡,可售,
20260513_170055,GX2025015,5号楼,第1单元,10层,1001,三室二厅,127.26m²,14444元/㎡,可售,
20260513_170055,GX2025015,5号楼,第1单元,10层,1002,三室二厅,127.26m²,14506元/㎡,可售,
20260513_170055,GX2025015,5号楼,第1单元,11层,1101,三室二厅,127.26m²,13944元/㎡,不可售,
20260513_170055,GX2025015,5号楼,第1单元,11层,1102,三室二厅,127.26m²,14006元/㎡,可售,
20260513_170055,GX2025015,5号楼,第1单元,12层,楼梯间,,50.49m²,,不可售,
20260513_170055,GX2025015,5号楼,第1单元,1层,101,三室二厅,127.08m²,18982元/㎡,不可售,
20260513_170055,GX2025015,5号楼,第1单元,1层,102,二室二厅,107.51m²,16784元/㎡,不可售,
20260513_170055,GX2025015,5号楼,第1单元,1层,地下车库风井,,2.85m²,,不可售,
20260513_170055,GX2025015,5号楼,第1单元,1层,门廊,,4.14m²,,不可售,
20260513_170055,GX2025015,5号楼,第1单元,2层,201,三室二厅,127.26m²,14194元/㎡,不可售,
20260513_170055,GX2025015,5号楼,第1单元,2层,202,三室二厅,127.26m²,14256元/㎡,不可售,
20260513_170055,GX2025015,5号楼,第1单元,3层,301,三室二厅,127.26m²,14319元/㎡,不可售,
20260513_170055,GX2025015,5号楼,第1单元,3层,302,三室二厅,127.26m²,14381元/㎡,不可售,
20260513_170055,GX2025015,5号楼,第1单元,4层,401,三室二厅,127.26m²,14219元/㎡,不可售,
20260513_170055,GX2025015,5号楼,第1单元,4层,402,三室二厅,127.26m²,14281元/㎡,不可售,
20260513_170055,GX2025015,5号楼,第1单元,5层,501,三室二厅,127.26m²,14506元/㎡,不可售,
20260513_170055,GX2025015,5号楼,第1单元,5层,502,三室二厅,127.26m²,14569元/㎡,不可售,
20260513_170055,GX2025015,5号楼,第1单元,6层,601,三室二厅,127.26m²,14569元/㎡,已售,
20260513_170055,GX2025015,5号楼,第1单元,6层,602,三室二厅,127.26m²,14631元/㎡,可售,
20260513_170055,GX2025015,5号楼,第1单元,7层,701,三室二厅,127.26m²,14631元/㎡,可售,
20260513_170055,GX2025015,5号楼,第1单元,7层,702,三室二厅,127.26m²,14694元/㎡,可售,
20260513_170055,GX2025015,5号楼,第1单元,8层,801,三室二厅,127.26m²,14669元/㎡,可售,
20260513_170055,GX2025015,5号楼,第1单元,8层,802,三室二厅,127.26m²,14731元/㎡,可售,
20260513_170055,GX2025015,5号楼,第1单元,9层,901,三室二厅,127.26m²,14694元/㎡,已售,
20260513_170055,GX2025015,5号楼,第1单元,9层,902,三室二厅,127.26m²,14756元/㎡,已售,
20260513_170055,GX2025015,5号楼,第2单元,10层,1001,三室二厅,127.26m²,14569元/㎡,可售,
20260513_170055,GX2025015,5号楼,第2单元,10层,1002,三室二厅,127.26m²,14694元/㎡,可售,
20260513_170055,GX2025015,5号楼,第2单元,11层,1101,三室二厅,127.26m²,14069元/㎡,可售,
20260513_170055,GX2025015,5号楼,第2单元,11层,1102,三室二厅,127.26m²,14194元/㎡,可售,
20260513_170055,GX2025015,5号楼,第2单元,1层,101,二室二厅,107.51m²,16847元/㎡,不可售,
20260513_170055,GX2025015,5号楼,第2单元,1层,102,三室二厅,127.08m²,18052元/㎡,不可售,
20260513_170055,GX2025015,5号楼,第2单元,2层,201,三室二厅,127.26m²,14319元/㎡,不可售,
20260513_170055,GX2025015,5号楼,第2单元,2层,202,三室二厅,127.26m²,14444元/㎡,不可售,
20260513_170055,GX2025015,5号楼,第2单元,3层,301,三室二厅,127.26m²,14444元/㎡,不可售,
20260513_170055,GX2025015,5号楼,第2单元,3层,302,三室二厅,127.26m²,14569元/㎡,不可售,
20260513_170055,GX2025015,5号楼,第2单元,4层,401,三室二厅,127.26m²,14344元/㎡,不可售,
20260513_170055,GX2025015,5号楼,第2单元,4层,402,三室二厅,127.26m²,14469元/㎡,不可售,
20260513_170055,GX2025015,5号楼,第2单元,5层,501,三室二厅,127.26m²,14631元/㎡,不可售,
20260513_170055,GX2025015,5号楼,第2单元,5层,502,三室二厅,127.26m²,14756元/㎡,不可售,
20260513_170055,GX2025015,5号楼,第2单元,6层,601,三室二厅,127.26m²,14694元/㎡,可售,
20260513_170055,GX2025015,5号楼,第2单元,6层,602,三室二厅,127.26m²,14819元/㎡,可售,
20260513_170055,GX2025015,5号楼,第2单元,7层,701,三室二厅,127.26m²,14756元/㎡,可售,
20260513_170055,GX2025015,5号楼,第2单元,7层,702,三室二厅,127.26m²,14881元/㎡,可售,
20260513_170055,GX2025015,5号楼,第2单元,8层,801,三室二厅,127.26m²,14794元/㎡,可售,
20260513_170055,GX2025015,5号楼,第2单元,8层,802,三室二厅,127.26m²,14919元/㎡,可售,
20260513_170055,GX2025015,5号楼,第2单元,9层,901,三室二厅,127.26m²,14819元/㎡,可售,
20260513_170055,GX2025015,5号楼,第2单元,9层,902,三室二厅,127.26m²,14944元/㎡,可售,
20260513_170055,GX2025015,5号楼,第3单元,10层,1001,三室二厅,127.26m²,14731元/㎡,可售,
20260513_170055,GX2025015,5号楼,第3单元,10层,1002,三室二厅,127.26m²,14756元/㎡,可售,
20260513_170055,GX2025015,5号楼,第3单元,11层,1101,三室二厅,127.26m²,14231元/㎡,可售,
20260513_170055,GX2025015,5号楼,第3单元,11层,1102,三室二厅,127.26m²,14256元/㎡,可售,
20260513_170055,GX2025015,5号楼,第3单元,1层,101,二室二厅,107.51m²,17009元/㎡,不可售,
20260513_170055,GX2025015,5号楼,第3单元,1层,102,三室二厅,127.08m²,19825元/㎡,不可售,
20260513_170055,GX2025015,5号楼,第3单元,2层,201,三室二厅,127.26m²,14481元/㎡,不可售,
20260513_170055,GX2025015,5号楼,第3单元,2层,202,三室二厅,127.26m²,14506元/㎡,不可售,
20260513_170055,GX2025015,5号楼,第3单元,3层,301,三室二厅,127.26m²,14606元/㎡,不可售,
20260513_170055,GX2025015,5号楼,第3单元,3层,302,三室二厅,127.26m²,14631元/㎡,不可售,
20260513_170055,GX2025015,5号楼,第3单元,4层,401,三室二厅,127.26m²,14506元/㎡,不可售,
20260513_170055,GX2025015,5号楼,第3单元,4层,402,三室二厅,127.26m²,14531元/㎡,不可售,
20260513_170055,GX2025015,5号楼,第3单元,5层,501,三室二厅,127.26m²,14794元/㎡,不可售,
20260513_170055,GX2025015,5号楼,第3单元,5层,502,三室二厅,127.26m²,14819元/㎡,不可售,
20260513_170055,GX2025015,5号楼,第3单元,6层,601,三室二厅,127.26m²,14856元/㎡,可售,
20260513_170055,GX2025015,5号楼,第3单元,6层,602,三室二厅,127.26m²,14881元/㎡,可售,
20260513_170055,GX2025015,5号楼,第3单元,7层,701,三室二厅,127.26m²,14919元/㎡,可售,
20260513_170055,GX2025015,5号楼,第3单元,7层,702,三室二厅,127.26m²,14944元/㎡,可售,
20260513_170055,GX2025015,5号楼,第3单元,8层,801,三室二厅,127.26m²,14956元/㎡,可售,
20260513_170055,GX2025015,5号楼,第3单元,8层,802,三室二厅,127.26m²,14981元/㎡,可售,
20260513_170055,GX2025015,5号楼,第3单元,9层,901,三室二厅,127.26m²,14981元/㎡,可售,
20260513_170055,GX2025015,5号楼,第3单元,9层,902,三室二厅,127.26m²,15006元/㎡,可售,
20260513_170055,GX2025010,6号楼,第1单元,1层,101,三室二厅,159.7m²,26170元/㎡,已售,
20260513_170055,GX2025010,6号楼,第1单元,1层,102,四室二厅,160.88m²,25567元/㎡,可售,
20260513_170055,GX2025010,6号楼,第1单元,1层,地下车库风井,,2.3m²,,不可售,
20260513_170055,GX2025010,6号楼,第1单元,2层,201,三室二厅,164.35m²,16544元/㎡,可售,
20260513_170055,GX2025010,6号楼,第1单元,2层,202,四室二厅,160.88m²,16318元/㎡,可售,
20260513_170055,GX2025010,6号楼,第1单元,3层,301,三室二厅,164.35m²,16794元/㎡,已售,
20260513_170055,GX2025010,6号楼,第1单元,3层,302,四室二厅,160.88m²,16568元/㎡,可售,
20260513_170055,GX2025010,6号楼,第1单元,4层,401,三室二厅,164.35m²,16606元/㎡,已售,
20260513_170055,GX2025010,6号楼,第1单元,4层,402,四室二厅,160.88m²,16381元/㎡,可售,
20260513_170055,GX2025010,6号楼,第1单元,5层,501,三室二厅,164.35m²,16856元/㎡,可售,
20260513_170055,GX2025010,6号楼,第1单元,5层,502,四室二厅,160.88m²,16631元/㎡,可售,
20260513_170055,GX2025010,6号楼,第1单元,6层,601,三室二厅,164.35m²,16919元/㎡,已售,
20260513_170055,GX2025010,6号楼,第1单元,6层,602,四室二厅,160.88m²,16693元/㎡,可售,
20260513_170055,GX2025010,6号楼,第1单元,7层,701,三室二厅,164.35m²,16856元/㎡,可售,
20260513_170055,GX2025010,6号楼,第1单元,7层,702,四室二厅,160.88m²,16631元/㎡,可售,
20260513_170055,GX2025010,6号楼,第1单元,8层,801,顶层复式,199.01m²,20211元/㎡,已售,
20260513_170055,GX2025010,6号楼,第1单元,8层,802,顶层复式,214.68m²,18614元/㎡,已售,
20260513_170055,GX2025014,7号楼,第1单元,1层,101,三室二厅,159.73m²,27344元/㎡,已售,
20260513_170055,GX2025014,7号楼,第1单元,1层,102,三室二厅,164.38m²,25360元/㎡,已售,
20260513_170055,GX2025014,7号楼,第1单元,1层,地下车库排风井、送风井,,5.77m²,,不可售,
20260513_170055,GX2025014,7号楼,第1单元,2层,201,三室二厅,164.38m²,16417元/㎡,可售,
20260513_170055,GX2025014,7号楼,第1单元,2层,202,三室二厅,164.38m²,16442元/㎡,可售,
20260513_170055,GX2025014,7号楼,第1单元,3层,301,三室二厅,164.38m²,16667元/㎡,可售,
20260513_170055,GX2025014,7号楼,第1单元,3层,302,三室二厅,164.38m²,16692元/㎡,可售,
20260513_170055,GX2025014,7号楼,第1单元,4层,401,三室二厅,164.38m²,16480元/㎡,可售,
20260513_170055,GX2025014,7号楼,第1单元,4层,402,三室二厅,164.38m²,16505元/㎡,可售,
20260513_170055,GX2025014,7号楼,第1单元,5层,501,三室二厅,164.38m²,16730元/㎡,已售,
20260513_170055,GX2025014,7号楼,第1单元,5层,502,三室二厅,164.38m²,16755元/㎡,可售,
20260513_170055,GX2025014,7号楼,第1单元,6层,601,三室二厅,164.38m²,16792元/㎡,已售,
20260513_170055,GX2025014,7号楼,第1单元,6层,602,三室二厅,164.38m²,16817元/㎡,可售,
20260513_170055,GX2025014,7号楼,第1单元,7层,701,三室二厅,164.38m²,16730元/㎡,已售,
20260513_170055,GX2025014,7号楼,第1单元,7层,702,三室二厅,164.38m²,16755元/㎡,可售,
20260513_170055,GX2025014,7号楼,第1单元,8层,801,顶层复式,199.01m²,20103元/㎡,可售,
20260513_170055,GX2025014,7号楼,第1单元,8层,802,顶层复式,199.01m²,20128元/㎡,已售,
20260513_170055,GX2025007,8号楼,第1单元,1层,101,三室二厅,143.72m²,24561元/㎡,已售,
20260513_170055,GX2025007,8号楼,第1单元,1层,102,三室二厅,137.85m²,24172元/㎡,已售,
20260513_170055,GX2025007,8号楼,第1单元,1层,地下车库风井,,4.78m²,,不可售,
20260513_170055,GX2025007,8号楼,第1单元,2层,201,三室二厅,143.72m²,15686元/㎡,已售,
20260513_170055,GX2025007,8号楼,第1单元,2层,202,三室二厅,143.72m²,15297元/㎡,可售,
20260513_170055,GX2025007,8号楼,第1单元,3层,301,三室二厅,143.72m²,15808元/㎡,可售,
20260513_170055,GX2025007,8号楼,第1单元,3层,302,三室二厅,143.72m²,15419元/㎡,可售,
20260513_170055,GX2025007,8号楼,第1单元,4层,401,三室二厅,143.72m²,15443元/㎡,可售,
20260513_170055,GX2025007,8号楼,第1单元,4层,402,三室二厅,143.72m²,15055元/㎡,可售,
20260513_170055,GX2025007,8号楼,第1单元,5层,501,三室二厅,143.72m²,16172元/㎡,可售,
20260513_170055,GX2025007,8号楼,第1单元,5层,502,三室二厅,143.72m²,15784元/㎡,可售,
20260513_170055,GX2025007,8号楼,第1单元,6层,601,三室二厅,143.72m²,16172元/㎡,已售,
20260513_170055,GX2025007,8号楼,第1单元,6层,602,三室二厅,143.72m²,15784元/㎡,可售,
20260513_170055,GX2025007,8号楼,第1单元,7层,701,三室二厅,143.72m²,15929元/㎡,已售,
20260513_170055,GX2025007,8号楼,第1单元,7层,702,三室二厅,143.72m²,15540元/㎡,可售,
20260513_170055,GX2025007,8号楼,第1单元,8层,801,顶层复式,176.45m²,20914元/㎡,可售,
20260513_170055,GX2025007,8号楼,第1单元,8层,802,顶层复式,176.45m²,20524元/㎡,可售,
20260513_170055,GX2025007,8号楼,第2单元,1层,101,三室二厅,137.85m²,24135元/㎡,已售,
20260513_170055,GX2025007,8号楼,第2单元,1层,102,三室二厅,143.72m²,24135元/㎡,可售,
20260513_170055,GX2025007,8号楼,第2单元,2层,201,三室二厅,143.72m²,15261元/㎡,可售,
20260513_170055,GX2025007,8号楼,第2单元,2层,202,三室二厅,143.72m²,15261元/㎡,可售,
20260513_170055,GX2025007,8号楼,第2单元,3层,301,三室二厅,143.72m²,15382元/㎡,可售,
20260513_170055,GX2025007,8号楼,第2单元,3层,302,三室二厅,143.72m²,15382元/㎡,已售,
20260513_170055,GX2025007,8号楼,第2单元,4层,401,三室二厅,143.72m²,15018元/㎡,可售,
20260513_170055,GX2025007,8号楼,第2单元,4层,402,三室二厅,143.72m²,15018元/㎡,可售,
20260513_170055,GX2025007,8号楼,第2单元,5层,501,三室二厅,143.72m²,15747元/㎡,可售,
20260513_170055,GX2025007,8号楼,第2单元,5层,502,三室二厅,143.72m²,15747元/㎡,已售,
20260513_170055,GX2025007,8号楼,第2单元,6层,601,三室二厅,143.72m²,15747元/㎡,可售,
20260513_170055,GX2025007,8号楼,第2单元,6层,602,三室二厅,143.72m²,15747元/㎡,已售,
20260513_170055,GX2025007,8号楼,第2单元,7层,701,三室二厅,143.72m²,15504元/㎡,可售,
20260513_170055,GX2025007,8号楼,第2单元,7层,702,三室二厅,143.72m²,15504元/㎡,已售,
20260513_170055,GX2025007,8号楼,第2单元,8层,801,顶层复式,176.45m²,20488元/㎡,可售,
20260513_170055,GX2025007,8号楼,第2单元,8层,802,顶层复式,176.45m²,20488元/㎡,可售,
20260513_170055,GX2025007,8号楼,第3单元,1层,101,三室二厅,137.85m²,24172元/㎡,可售,
20260513_170055,GX2025007,8号楼,第3单元,1层,102,三室二厅,143.72m²,24196元/㎡,可售,
20260513_170055,GX2025007,8号楼,第3单元,2层,201,三室二厅,143.72m²,15297元/㎡,可售,
20260513_170055,GX2025007,8号楼,第3单元,2层,202,三室二厅,143.72m²,15321元/㎡,可售,
20260513_170055,GX2025007,8号楼,第3单元,3层,301,三室二厅,143.72m²,15419元/㎡,可售,
20260513_170055,GX2025007,8号楼,第3单元,3层,302,三室二厅,143.72m²,15443元/㎡,已售,
20260513_170055,GX2025007,8号楼,第3单元,4层,401,三室二厅,143.72m²,15055元/㎡,可售,
20260513_170055,GX2025007,8号楼,第3单元,4层,402,三室二厅,143.72m²,15079元/㎡,可售,
20260513_170055,GX2025007,8号楼,第3单元,5层,501,三室二厅,143.72m²,15784元/㎡,已售,
20260513_170055,GX2025007,8号楼,第3单元,5层,502,三室二厅,143.72m²,15808元/㎡,可售,
20260513_170055,GX2025007,8号楼,第3单元,6层,601,三室二厅,143.72m²,15784元/㎡,可售,
20260513_170055,GX2025007,8号楼,第3单元,6层,602,三室二厅,143.72m²,15808元/㎡,已售,
20260513_170055,GX2025007,8号楼,第3单元,7层,701,三室二厅,143.72m²,15540元/㎡,已售,
20260513_170055,GX2025007,8号楼,第3单元,7层,702,三室二厅,143.72m²,15565元/㎡,可售,
20260513_170055,GX2025007,8号楼,第3单元,8层,801,顶层复式,176.45m²,20524元/㎡,可售,
20260513_170055,GX2025007,8号楼,第3单元,8层,802,顶层复式,176.45m²,20549元/㎡,可售,
20260513_170055,GX2025007,9号楼,第1单元,1层,101,四室二厅,160.27m²,24824元/㎡,已售,
20260513_170055,GX2025007,9号楼,第1单元,1层,102,三室二厅,159.09m²,24764元/㎡,已售,
20260513_170055,GX2025007,9号楼,第1单元,2层,201,四室二厅,160.27m²,15951元/㎡,可售,
20260513_170055,GX2025007,9号楼,第1单元,2层,202,三室二厅,163.72m²,15890元/㎡,已售,
20260513_170055,GX2025007,9号楼,第1单元,3层,301,四室二厅,160.27m²,16071元/㎡,可售,
20260513_170055,GX2025007,9号楼,第1单元,3层,302,三室二厅,163.72m²,16011元/㎡,已售,
20260513_170055,GX2025007,9号楼,第1单元,4层,401,四室二厅,160.27m²,15707元/㎡,已售,
20260513_170055,GX2025007,9号楼,第1单元,4层,402,三室二厅,163.72m²,15647元/㎡,已售,
20260513_170055,GX2025007,9号楼,第1单元,5层,501,四室二厅,160.27m²,16437元/㎡,已售,
20260513_170055,GX2025007,9号楼,第1单元,5层,502,三室二厅,163.72m²,16376元/㎡,已售,
20260513_170055,GX2025007,9号楼,第1单元,6层,601,四室二厅,160.27m²,16437元/㎡,已售,
20260513_170055,GX2025007,9号楼,第1单元,6层,602,三室二厅,163.72m²,16376元/㎡,不可售,
20260513_170055,GX2025007,9号楼,第1单元,7层,701,四室二厅,160.27m²,16193元/㎡,已售,
20260513_170055,GX2025007,9号楼,第1单元,7层,702,三室二厅,163.72m²,16132元/㎡,已售,
20260513_170055,GX2025007,9号楼,第1单元,8层,801,顶层复式,213.86m²,21177元/㎡,已售,
20260513_170055,GX2025007,9号楼,第1单元,8层,802,顶层复式,198.25m²,21116元/㎡,已售,
20260513_170055,GX2025007,9号楼,第2单元,1层,101,三室二厅,159.09m²,24764元/㎡,已售,
20260513_170055,GX2025007,9号楼,第2单元,1层,102,四室二厅,160.27m²,24824元/㎡,已售,
20260513_170055,GX2025007,9号楼,第2单元,2层,201,三室二厅,163.72m²,15890元/㎡,可售,
20260513_170055,GX2025007,9号楼,第2单元,2层,202,四室二厅,160.27m²,15951元/㎡,已售,
20260513_170055,GX2025007,9号楼,第2单元,3层,301,三室二厅,163.72m²,16011元/㎡,已售,
20260513_170055,GX2025007,9号楼,第2单元,3层,302,四室二厅,160.27m²,16071元/㎡,可售,
20260513_170055,GX2025007,9号楼,第2单元,4层,401,三室二厅,163.72m²,15647元/㎡,已售,
20260513_170055,GX2025007,9号楼,第2单元,4层,402,四室二厅,160.27m²,15707元/㎡,已售,
20260513_170055,GX2025007,9号楼,第2单元,5层,501,三室二厅,163.72m²,16376元/㎡,已售,
20260513_170055,GX2025007,9号楼,第2单元,5层,502,四室二厅,160.27m²,16437元/㎡,已售,
20260513_170055,GX2025007,9号楼,第2单元,6层,601,三室二厅,163.72m²,16376元/㎡,已售,
20260513_170055,GX2025007,9号楼,第2单元,6层,602,四室二厅,160.27m²,16437元/㎡,可售,
20260513_170055,GX2025007,9号楼,第2单元,7层,701,三室二厅,163.72m²,16132元/㎡,已售,
20260513_170055,GX2025007,9号楼,第2单元,7层,702,四室二厅,160.27m²,16193元/㎡,可售,
20260513_170055,GX2025007,9号楼,第2单元,8层,801,顶层复式,198.25m²,21116元/㎡,不可售,
20260513_170055,GX2025007,9号楼,第2单元,8层,802,顶层复式,213.86m²,21177元/㎡,不可售,
20260513_170055,GX2025015,10号楼,第1单元,1层,101,三室二厅,163.74m²,29090元/㎡,已售,
20260513_170055,GX2025015,10号楼,第1单元,1层,102,三室二厅,159.11m²,26335元/㎡,已售,
20260513_170055,GX2025015,10号楼,第1单元,1层,地下车库排风井,,3.57m²,,不可售,
20260513_170055,GX2025015,10号楼,第1单元,2层,201,三室二厅,163.74m²,16942元/㎡,可售,
20260513_170055,GX2025015,10号楼,第1单元,2层,202,三室二厅,163.74m²,16905元/㎡,已售,
20260513_170055,GX2025015,10号楼,第1单元,3层,301,三室二厅,163.74m²,17192元/㎡,可售,
20260513_170055,GX2025015,10号楼,第1单元,3层,302,三室二厅,163.74m²,17155元/㎡,已售,
20260513_170055,GX2025015,10号楼,第1单元,4层,401,三室二厅,163.74m²,17005元/㎡,可售,
20260513_170055,GX2025015,10号楼,第1单元,4层,402,三室二厅,163.74m²,16967元/㎡,已售,
20260513_170055,GX2025015,10号楼,第1单元,5层,501,三室二厅,163.74m²,17255元/㎡,可售,
20260513_170055,GX2025015,10号楼,第1单元,5层,502,三室二厅,163.74m²,17217元/㎡,已售,
20260513_170055,GX2025015,10号楼,第1单元,6层,601,三室二厅,163.74m²,17317元/㎡,可售,
20260513_170055,GX2025015,10号楼,第1单元,6层,602,三室二厅,163.74m²,17280元/㎡,已售,
20260513_170055,GX2025015,10号楼,第1单元,7层,701,三室二厅,163.74m²,17255元/㎡,可售,
20260513_170055,GX2025015,10号楼,第1单元,7层,702,三室二厅,163.74m²,17217元/㎡,可售,
20260513_170055,GX2025015,10号楼,第1单元,8层,801,顶层复式,198.24m²,21455元/㎡,已售,
20260513_170055,GX2025015,10号楼,第1单元,8层,802,顶层复式,198.24m²,21525元/㎡,可售,
20260513_170055,GX2025015,10号楼,第2单元,1层,101,三室二厅,159.11m²,26323元/㎡,可售,
20260513_170055,GX2025015,10号楼,第2单元,1层,102,三室二厅,163.74m²,26175元/㎡,可售,
20260513_170055,GX2025015,10号楼,第2单元,2层,201,三室二厅,163.74m²,16892元/㎡,可售,
20260513_170055,GX2025015,10号楼,第2单元,2层,202,三室二厅,163.74m²,16880元/㎡,可售,
20260513_170055,GX2025015,10号楼,第2单元,3层,301,三室二厅,163.74m²,17142元/㎡,已售,
20260513_170055,GX2025015,10号楼,第2单元,3层,302,三室二厅,163.74m²,17130元/㎡,可售,
20260513_170055,GX2025015,10号楼,第2单元,4层,401,三室二厅,163.74m²,16955元/㎡,可售,
20260513_170055,GX2025015,10号楼,第2单元,4层,402,三室二厅,163.74m²,16942元/㎡,可售,
20260513_170055,GX2025015,10号楼,第2单元,5层,501,三室二厅,163.74m²,17205元/㎡,已售,
20260513_170055,GX2025015,10号楼,第2单元,5层,502,三室二厅,163.74m²,17192元/㎡,可售,
20260513_170055,GX2025015,10号楼,第2单元,6层,601,三室二厅,163.74m²,17267元/㎡,已售,
20260513_170055,GX2025015,10号楼,第2单元,6层,602,三室二厅,163.74m²,17255元/㎡,可售,
20260513_170055,GX2025015,10号楼,第2单元,7层,701,三室二厅,163.74m²,17205元/㎡,可售,
20260513_170055,GX2025015,10号楼,第2单元,7层,702,三室二厅,163.74m²,17192元/㎡,已售,
20260513_170055,GX2025015,10号楼,第2单元,8层,801,顶层复式,198.24m²,21513元/㎡,已售,
20260513_170055,GX2025015,10号楼,第2单元,8层,802,顶层复式,198.24m²,21392元/㎡,已售,
20260513_170055,GX2025010,11号楼,第1单元,1层,101,三室二厅,143.15m²,24472元/㎡,不可售,
20260513_170055,GX2025010,11号楼,第1单元,1层,102,三室二厅,136.13m²,23718元/㎡,不可售,
20260513_170055,GX2025010,11号楼,第1单元,1层,地下车库风井,,8.16m²,,不可售,
20260513_170055,GX2025010,11号楼,第1单元,1层,封闭空间,,11.7m²,,不可售,
20260513_170055,GX2025010,11号楼,第1单元,2层,201,三室二厅,143.15m²,15131元/㎡,不可售,
20260513_170055,GX2025010,11号楼,第1单元,2层,202,三室二厅,143.15m²,15193元/㎡,不可售,
20260513_170055,GX2025010,11号楼,第1单元,3层,301,三室二厅,143.15m²,15381元/㎡,不可售,
20260513_170055,GX2025010,11号楼,第1单元,3层,302,三室二厅,143.15m²,15443元/㎡,不可售,
20260513_170055,GX2025010,11号楼,第1单元,4层,401,三室二厅,143.15m²,15193元/㎡,不可售,
20260513_170055,GX2025010,11号楼,第1单元,4层,402,三室二厅,143.15m²,15256元/㎡,不可售,
20260513_170055,GX2025010,11号楼,第1单元,5层,501,三室二厅,143.15m²,15443元/㎡,不可售,
20260513_170055,GX2025010,11号楼,第1单元,5层,502,三室二厅,143.15m²,15506元/㎡,不可售,
20260513_170055,GX2025010,11号楼,第1单元,6层,601,三室二厅,143.15m²,15506元/㎡,不可售,
20260513_170055,GX2025010,11号楼,第1单元,6层,602,三室二厅,143.15m²,15568元/㎡,不可售,
20260513_170055,GX2025010,11号楼,第1单元,7层,701,三室二厅,143.15m²,15443元/㎡,不可售,
20260513_170055,GX2025010,11号楼,第1单元,7层,702,三室二厅,143.15m²,15506元/㎡,不可售,
20260513_170055,GX2025010,11号楼,第1单元,8层,801,顶层复式,175.75m²,18624元/㎡,可售,
20260513_170055,GX2025010,11号楼,第1单元,8层,802,顶层复式,175.75m²,18775元/㎡,可售,
20260513_170055,GX2025010,11号楼,第2单元,1层,101,三室二厅,136.13m²,24148元/㎡,不可售,
20260513_170055,GX2025010,11号楼,第2单元,1层,102,三室二厅,143.15m²,24610元/㎡,不可售,
20260513_170055,GX2025010,11号楼,第2单元,2层,201,三室二厅,143.15m²,15256元/㎡,不可售,
20260513_170055,GX2025010,11号楼,第2单元,2层,202,三室二厅,143.15m²,15269元/㎡,不可售,
20260513_170055,GX2025010,11号楼,第2单元,3层,301,三室二厅,143.15m²,15506元/㎡,不可售,
20260513_170055,GX2025010,11号楼,第2单元,3层,302,三室二厅,143.15m²,15519元/㎡,不可售,
20260513_170055,GX2025010,11号楼,第2单元,4层,401,三室二厅,143.15m²,15318元/㎡,不可售,
20260513_170055,GX2025010,11号楼,第2单元,4层,402,三室二厅,143.15m²,15331元/㎡,不可售,
20260513_170055,GX2025010,11号楼,第2单元,5层,501,三室二厅,143.15m²,15568元/㎡,不可售,
20260513_170055,GX2025010,11号楼,第2单元,5层,502,三室二厅,143.15m²,15581元/㎡,不可售,
20260513_170055,GX2025010,11号楼,第2单元,6层,601,三室二厅,143.15m²,15631元/㎡,不可售,
20260513_170055,GX2025010,11号楼,第2单元,6层,602,三室二厅,143.15m²,15644元/㎡,不可售,
20260513_170055,GX2025010,11号楼,第2单元,7层,701,三室二厅,143.15m²,15568元/㎡,不可售,
20260513_170055,GX2025010,11号楼,第2单元,7层,702,三室二厅,143.15m²,15581元/㎡,不可售,
20260513_170055,GX2025010,11号楼,第2单元,8层,801,顶层复式,175.75m²,18838元/㎡,可售,
20260513_170055,GX2025010,11号楼,第2单元,8层,802,顶层复式,175.75m²,18762元/㎡,可售,
20260513_170055,GX2025010,11号楼,第3单元,1层,101,三室二厅,136.13m²,24245元/㎡,不可售,
20260513_170055,GX2025010,11号楼,第3单元,1层,102,三室二厅,143.15m²,24659元/㎡,不可售,
20260513_170055,GX2025010,11号楼,第3单元,2层,201,三室二厅,143.15m²,15294元/㎡,不可售,
20260513_170055,GX2025010,11号楼,第3单元,2层,202,三室二厅,143.15m²,15318元/㎡,不可售,
20260513_170055,GX2025010,11号楼,第3单元,3层,301,三室二厅,143.15m²,15544元/㎡,不可售,
20260513_170055,GX2025010,11号楼,第3单元,3层,302,三室二厅,143.15m²,15568元/㎡,不可售,
20260513_170055,GX2025010,11号楼,第3单元,4层,401,三室二厅,143.15m²,15356元/㎡,不可售,
20260513_170055,GX2025010,11号楼,第3单元,4层,402,三室二厅,143.15m²,15381元/㎡,不可售,
20260513_170055,GX2025010,11号楼,第3单元,5层,501,三室二厅,143.15m²,15606元/㎡,不可售,
20260513_170055,GX2025010,11号楼,第3单元,5层,502,三室二厅,143.15m²,15631元/㎡,不可售,
20260513_170055,GX2025010,11号楼,第3单元,6层,601,三室二厅,143.15m²,15669元/㎡,不可售,
20260513_170055,GX2025010,11号楼,第3单元,6层,602,三室二厅,143.15m²,15693元/㎡,不可售,
20260513_170055,GX2025010,11号楼,第3单元,7层,701,三室二厅,143.15m²,15606元/㎡,不可售,
20260513_170055,GX2025010,11号楼,第3单元,7层,702,三室二厅,143.15m²,15631元/㎡,不可售,
20260513_170055,GX2025010,11号楼,第3单元,8层,801,顶层复式,175.75m²,18792元/㎡,可售,
20260513_170055,GX2025010,11号楼,第3单元,8层,802,顶层复式,175.75m²,18817元/㎡,可售,
20260513_170055,GX2025010,12号楼,第1单元,1层,101,四室二厅,189.49m²,29151元/㎡,可售,
20260513_170055,GX2025010,12号楼,第1单元,1层,102,三室二厅,134.52m²,25055元/㎡,可售,
20260513_170055,GX2025010,12号楼,第1单元,1层,地下车库排风井,,4.07m²,,不可售,
20260513_170055,GX2025010,12号楼,第1单元,2层,201,四室二厅,189.49m²,17568元/㎡,已售,
20260513_170055,GX2025010,12号楼,第1单元,2层,202,三室二厅,140.26m²,16394元/㎡,可售,
20260513_170055,GX2025010,12号楼,第1单元,3层,301,四室二厅,189.49m²,17819元/㎡,已售,
20260513_170055,GX2025010,12号楼,第1单元,3层,302,三室二厅,140.26m²,16644元/㎡,可售,
20260513_170055,GX2025010,12号楼,第1单元,4层,401,四室二厅,189.49m²,17631元/㎡,可售,
20260513_170055,GX2025010,12号楼,第1单元,4层,402,三室二厅,140.26m²,16456元/㎡,可售,
20260513_170055,GX2025010,12号楼,第1单元,5层,501,四室二厅,189.49m²,17881元/㎡,可售,
20260513_170055,GX2025010,12号楼,第1单元,5层,502,三室二厅,140.26m²,16706元/㎡,可售,
20260513_170055,GX2025010,12号楼,第1单元,6层,601,四室二厅,189.49m²,17944元/㎡,可售,
20260513_170055,GX2025010,12号楼,第1单元,6层,602,三室二厅,140.26m²,16769元/㎡,已售,
20260513_170055,GX2025010,12号楼,第1单元,7层,701,四室二厅,189.49m²,17881元/㎡,可售,
20260513_170055,GX2025010,12号楼,第1单元,7层,702,三室二厅,140.26m²,16706元/㎡,可售,
20260513_170055,GX2025010,12号楼,第1单元,8层,801,顶层复式,241.62m²,20686元/㎡,已售,
20260513_170055,GX2025010,12号楼,第1单元,8层,802,顶层复式,172.24m²,19892元/㎡,可售,
20260513_170055,GX2025014,13号楼,第1单元,1层,101,三室二厅,164.37m²,27816元/㎡,已售,
20260513_170055,GX2025014,13号楼,第1单元,1层,102,三室二厅,159.72m²,26513元/㎡,可售,
20260513_170055,GX2025014,13号楼,第1单元,1层,地下车库排风井,,5.92m²,,不可售,
20260513_170055,GX2025014,13号楼,第1单元,2层,201,三室二厅,164.37m²,16317元/㎡,可售,
20260513_170055,GX2025014,13号楼,第1单元,2层,202,三室二厅,164.37m²,16267元/㎡,可售,
20260513_170055,GX2025014,13号楼,第1单元,3层,301,三室二厅,164.37m²,16567元/㎡,可售,
20260513_170055,GX2025014,13号楼,第1单元,3层,302,三室二厅,164.37m²,16517元/㎡,可售,
20260513_170055,GX2025014,13号楼,第1单元,4层,401,三室二厅,164.37m²,16380元/㎡,可售,
20260513_170055,GX2025014,13号楼,第1单元,4层,402,三室二厅,164.37m²,16330元/㎡,可售,
20260513_170055,GX2025014,13号楼,第1单元,5层,501,三室二厅,164.37m²,16630元/㎡,已售,
20260513_170055,GX2025014,13号楼,第1单元,5层,502,三室二厅,164.37m²,16580元/㎡,可售,
20260513_170055,GX2025014,13号楼,第1单元,6层,601,三室二厅,164.37m²,16692元/㎡,已售,
20260513_170055,GX2025014,13号楼,第1单元,6层,602,三室二厅,164.37m²,16642元/㎡,可售,
20260513_170055,GX2025014,13号楼,第1单元,7层,701,三室二厅,164.37m²,16630元/㎡,可售,
20260513_170055,GX2025014,13号楼,第1单元,7层,702,三室二厅,164.37m²,16580元/㎡,可售,
20260513_170055,GX2025014,13号楼,第1单元,8层,801,顶层复式,199m²,20003元/㎡,已售,
20260513_170055,GX2025014,13号楼,第1单元,8层,802,顶层复式,199m²,19953元/㎡,已售,
20260513_170055,GX2025014,14号楼,第1单元,1层,101,三室二厅,143.87m²,23432元/㎡,不可售,
20260513_170055,GX2025014,14号楼,第1单元,1层,102,三室二厅,137.99m²,23038元/㎡,不可售,
20260513_170055,GX2025014,14号楼,第1单元,1层,地下车库风井,,4.29m²,,不可售,
20260513_170055,GX2025014,14号楼,第1单元,2层,201,三室二厅,143.87m²,15167元/㎡,不可售,
20260513_170055,GX2025014,14号楼,第1单元,2层,202,三室二厅,143.87m²,15192元/㎡,不可售,
20260513_170055,GX2025014,14号楼,第1单元,3层,301,三室二厅,143.87m²,15417元/㎡,不可售,
20260513_170055,GX2025014,14号楼,第1单元,3层,302,三室二厅,143.87m²,15442元/㎡,不可售,
20260513_170055,GX2025014,14号楼,第1单元,4层,401,三室二厅,143.87m²,15230元/㎡,不可售,
20260513_170055,GX2025014,14号楼,第1单元,4层,402,三室二厅,143.87m²,15254元/㎡,不可售,
20260513_170055,GX2025014,14号楼,第1单元,5层,501,三室二厅,143.87m²,15480元/㎡,可售,
20260513_170055,GX2025014,14号楼,第1单元,5层,502,三室二厅,143.87m²,15504元/㎡,可售,
20260513_170055,GX2025014,14号楼,第1单元,6层,601,三室二厅,143.87m²,15542元/㎡,可售,
20260513_170055,GX2025014,14号楼,第1单元,6层,602,三室二厅,143.87m²,15567元/㎡,可售,
20260513_170055,GX2025014,14号楼,第1单元,7层,701,顶层复式,176.63m²,18666元/㎡,可售,
20260513_170055,GX2025014,14号楼,第1单元,7层,702,顶层复式,176.63m²,18691元/㎡,可售,
20260513_170055,GX2025014,14号楼,第2单元,1层,101,三室二厅,137.94m²,23102元/㎡,不可售,
20260513_170055,GX2025014,14号楼,第2单元,1层,102,三室二厅,143.81m²,23582元/㎡,不可售,
20260513_170055,GX2025014,14号楼,第2单元,2层,201,三室二厅,143.81m²,15255元/㎡,不可售,
20260513_170055,GX2025014,14号楼,第2单元,2层,202,三室二厅,143.81m²,15317元/㎡,不可售,
20260513_170055,GX2025014,14号楼,第2单元,3层,301,三室二厅,143.81m²,15505元/㎡,不可售,
20260513_170055,GX2025014,14号楼,第2单元,3层,302,三室二厅,143.81m²,15567元/㎡,不可售,
20260513_170055,GX2025014,14号楼,第2单元,4层,401,三室二厅,143.81m²,15317元/㎡,不可售,
20260513_170055,GX2025014,14号楼,第2单元,4层,402,三室二厅,143.81m²,15380元/㎡,不可售,
20260513_170055,GX2025014,14号楼,第2单元,5层,501,三室二厅,143.81m²,15567元/㎡,可售,
20260513_170055,GX2025014,14号楼,第2单元,5层,502,三室二厅,143.81m²,15630元/㎡,可售,
20260513_170055,GX2025014,14号楼,第2单元,6层,601,三室二厅,143.81m²,15630元/㎡,可售,
20260513_170055,GX2025014,14号楼,第2单元,6层,602,三室二厅,143.81m²,15692元/㎡,可售,
20260513_170055,GX2025014,14号楼,第2单元,7层,701,三室二厅,143.81m²,15567元/㎡,可售,
20260513_170055,GX2025014,14号楼,第2单元,7层,702,三室二厅,143.81m²,15630元/㎡,可售,
20260513_170055,GX2025014,14号楼,第2单元,8层,801,顶层复式,176.56m²,18991元/㎡,可售,
20260513_170055,GX2025014,14号楼,第2单元,8层,802,顶层复式,176.56m²,19156元/㎡,可售,
20260513_170055,GX2025014,14号楼,第3单元,1层,101,三室二厅,118.76m²,23170元/㎡,可售,
20260513_170055,GX2025014,14号楼,第3单元,1层,102,三室二厅,126.56m²,27603元/㎡,可售,
20260513_170055,GX2025014,14号楼,第3单元,2层,201,三室二厅,126.56m²,15155元/㎡,可售,
20260513_170055,GX2025014,14号楼,第3单元,2层,202,三室二厅,126.56m²,15067元/㎡,可售,
20260513_170055,GX2025014,14号楼,第3单元,3层,301,三室二厅,126.56m²,15405元/㎡,已售,
20260513_170055,GX2025014,14号楼,第3单元,3层,302,三室二厅,126.56m²,15317元/㎡,可售,
20260513_170055,GX2025014,14号楼,第3单元,4层,401,三室二厅,126.56m²,15217元/㎡,已售,
20260513_170055,GX2025014,14号楼,第3单元,4层,402,三室二厅,126.56m²,15130元/㎡,已售,2026-05-13
20260513_170055,GX2025014,14号楼,第3单元,5层,501,三室二厅,126.56m²,15467元/㎡,已售,
20260513_170055,GX2025014,14号楼,第3单元,5层,502,三室二厅,126.56m²,15380元/㎡,已售,
20260513_170055,GX2025014,14号楼,第3单元,6层,601,三室二厅,126.56m²,15530元/㎡,已售,
20260513_170055,GX2025014,14号楼,第3单元,6层,602,三室二厅,126.56m²,15442元/㎡,可售,
20260513_170055,GX2025014,14号楼,第3单元,7层,701,三室二厅,126.56m²,15467元/㎡,已售,
20260513_170055,GX2025014,14号楼,第3单元,7层,702,三室二厅,126.56m²,15380元/㎡,已售,
20260513_170055,GX2025014,14号楼,第3单元,8层,801,顶层复式,159.41m²,19432元/㎡,已售,
20260513_170055,GX2025014,14号楼,第3单元,8层,802,顶层复式,159.41m²,19344元/㎡,可售,
20260513_170055,GX2025009,15号楼,第1单元,1层,101,三室二厅,143.82m²,25057元/㎡,已售,
20260513_170055,GX2025009,15号楼,第1单元,1层,102,三室二厅,137.94m²,23699元/㎡,已售,
20260513_170055,GX2025009,15号楼,第1单元,2层,201,三室二厅,143.82m²,15343元/㎡,可售,
20260513_170055,GX2025009,15号楼,第1单元,2层,202,三室二厅,143.82m²,15318元/㎡,可售,
20260513_170055,GX2025009,15号楼,第1单元,3层,301,三室二厅,143.82m²,15593元/㎡,已售,
20260513_170055,GX2025009,15号楼,第1单元,3层,302,三室二厅,143.82m²,15568元/㎡,可售,
20260513_170055,GX2025009,15号楼,第1单元,4层,401,三室二厅,143.82m²,15406元/㎡,已售,
20260513_170055,GX2025009,15号楼,第1单元,4层,402,三室二厅,143.82m²,15381元/㎡,可售,
20260513_170055,GX2025009,15号楼,第1单元,5层,501,三室二厅,143.82m²,15656元/㎡,已售,
20260513_170055,GX2025009,15号楼,第1单元,5层,502,三室二厅,143.82m²,15631元/㎡,已售,
20260513_170055,GX2025009,15号楼,第1单元,6层,601,三室二厅,143.82m²,15718元/㎡,已售,
20260513_170055,GX2025009,15号楼,第1单元,6层,602,三室二厅,143.82m²,15693元/㎡,已售,
20260513_170055,GX2025009,15号楼,第1单元,7层,701,顶层复式,176.57m²,18837元/㎡,已售,
20260513_170055,GX2025009,15号楼,第1单元,7层,702,顶层复式,176.57m²,18900元/㎡,可售,
20260513_170055,GX2025009,15号楼,第2单元,1层,101,三室二厅,137.94m²,23741元/㎡,已售,
20260513_170055,GX2025009,15号楼,第2单元,1层,102,三室二厅,143.82m²,24468元/㎡,已售,
20260513_170055,GX2025009,15号楼,第2单元,2层,201,三室二厅,143.82m²,15281元/㎡,可售,
20260513_170055,GX2025009,15号楼,第2单元,2层,202,三室二厅,143.82m²,15256元/㎡,可售,
20260513_170055,GX2025009,15号楼,第2单元,3层,301,三室二厅,143.82m²,15531元/㎡,可售,
20260513_170055,GX2025009,15号楼,第2单元,3层,302,三室二厅,143.82m²,15506元/㎡,可售,
20260513_170055,GX2025009,15号楼,第2单元,4层,401,三室二厅,143.82m²,15343元/㎡,可售,
20260513_170055,GX2025009,15号楼,第2单元,4层,402,三室二厅,143.82m²,15318元/㎡,可售,
20260513_170055,GX2025009,15号楼,第2单元,5层,501,三室二厅,143.82m²,15593元/㎡,已售,
20260513_170055,GX2025009,15号楼,第2单元,5层,502,三室二厅,143.82m²,15568元/㎡,已售,
20260513_170055,GX2025009,15号楼,第2单元,6层,601,三室二厅,143.82m²,15656元/㎡,已售,
20260513_170055,GX2025009,15号楼,第2单元,6层,602,三室二厅,143.82m²,15631元/㎡,已售,
20260513_170055,GX2025009,15号楼,第2单元,7层,701,顶层复式,176.57m²,18863元/㎡,可售,
20260513_170055,GX2025009,15号楼,第2单元,7层,702,顶层复式,176.57m²,18749元/㎡,可售,
20260513_170055,GX2025009,15号楼,第3单元,1层,101,三室二厅,137.89m²,23874元/㎡,可售,
20260513_170055,GX2025009,15号楼,第3单元,1层,102,三室二厅,143.76m²,23992元/㎡,可售,
20260513_170055,GX2025009,15号楼,第3单元,2层,201,三室二厅,143.76m²,15118元/㎡,可售,
20260513_170055,GX2025009,15号楼,第3单元,2层,202,三室二厅,143.76m²,15093元/㎡,可售,
20260513_170055,GX2025009,15号楼,第3单元,3层,301,三室二厅,143.76m²,15368元/㎡,可售,
20260513_170055,GX2025009,15号楼,第3单元,3层,302,三室二厅,143.76m²,15343元/㎡,可售,
20260513_170055,GX2025009,15号楼,第3单元,4层,401,三室二厅,143.76m²,15181元/㎡,可售,
20260513_170055,GX2025009,15号楼,第3单元,4层,402,三室二厅,143.76m²,15156元/㎡,可售,
20260513_170055,GX2025009,15号楼,第3单元,5层,501,三室二厅,143.76m²,15431元/㎡,可售,
20260513_170055,GX2025009,15号楼,第3单元,5层,502,三室二厅,143.76m²,15406元/㎡,可售,
20260513_170055,GX2025009,15号楼,第3单元,6层,601,三室二厅,143.76m²,15493元/㎡,可售,
20260513_170055,GX2025009,15号楼,第3单元,6层,602,三室二厅,143.76m²,15468元/㎡,可售,
20260513_170055,GX2025009,15号楼,第3单元,7层,701,三室二厅,143.76m²,15431元/㎡,可售,
20260513_170055,GX2025009,15号楼,第3单元,7层,702,三室二厅,143.76m²,15406元/㎡,可售,
20260513_170055,GX2025009,15号楼,第3单元,8层,801,顶层复式,176.5m²,18617元/㎡,可售,
20260513_170055,GX2025009,15号楼,第3单元,8层,802,顶层复式,176.5m²,18592元/㎡,可售,
20260513_170055,GX2025014,16号楼,第1单元,1层,101,三室二厅,143.82m²,24754元/㎡,不可售,
20260513_170055,GX2025014,16号楼,第1单元,1层,102,三室二厅,137.94m²,24780元/㎡,不可售,
20260513_170055,GX2025014,16号楼,第1单元,1层,地下车库送风井,,4.73m²,,不可售,
20260513_170055,GX2025014,16号楼,第1单元,2层,201,三室二厅,143.82m²,15542元/㎡,不可售,
20260513_170055,GX2025014,16号楼,第1单元,2层,202,三室二厅,143.82m²,15517元/㎡,不可售,
20260513_170055,GX2025014,16号楼,第1单元,3层,301,三室二厅,143.82m²,15792元/㎡,不可售,
20260513_170055,GX2025014,16号楼,第1单元,3层,302,三室二厅,143.82m²,15767元/㎡,不可售,
20260513_170055,GX2025014,16号楼,第1单元,4层,401,三室二厅,143.82m²,15605元/㎡,不可售,
20260513_170055,GX2025014,16号楼,第1单元,4层,402,三室二厅,143.82m²,15580元/㎡,不可售,
20260513_170055,GX2025014,16号楼,第1单元,5层,501,三室二厅,143.82m²,15855元/㎡,不可售,
20260513_170055,GX2025014,16号楼,第1单元,5层,502,三室二厅,143.82m²,15830元/㎡,不可售,
20260513_170055,GX2025014,16号楼,第1单元,6层,601,三室二厅,143.82m²,15917元/㎡,不可售,
20260513_170055,GX2025014,16号楼,第1单元,6层,602,三室二厅,143.82m²,15892元/㎡,不可售,
20260513_170055,GX2025014,16号楼,第1单元,7层,701,顶层复式,176.57m²,19036元/㎡,可售,
20260513_170055,GX2025014,16号楼,第1单元,7层,702,顶层复式,176.57m²,19099元/㎡,可售,
20260513_170055,GX2025014,16号楼,第2单元,1层,101,三室二厅,137.94m²,24773元/㎡,不可售,
20260513_170055,GX2025014,16号楼,第2单元,1层,102,三室二厅,143.82m²,24087元/㎡,不可售,
20260513_170055,GX2025014,16号楼,第2单元,2层,201,三室二厅,143.82m²,15480元/㎡,不可售,
20260513_170055,GX2025014,16号楼,第2单元,2层,202,三室二厅,143.82m²,15442元/㎡,不可售,
20260513_170055,GX2025014,16号楼,第2单元,3层,301,三室二厅,143.82m²,15730元/㎡,不可售,
20260513_170055,GX2025014,16号楼,第2单元,3层,302,三室二厅,143.82m²,15692元/㎡,不可售,
20260513_170055,GX2025014,16号楼,第2单元,4层,401,三室二厅,143.82m²,15542元/㎡,不可售,
20260513_170055,GX2025014,16号楼,第2单元,4层,402,三室二厅,143.82m²,15505元/㎡,不可售,
20260513_170055,GX2025014,16号楼,第2单元,5层,501,三室二厅,143.82m²,15792元/㎡,不可售,
20260513_170055,GX2025014,16号楼,第2单元,5层,502,三室二厅,143.82m²,15755元/㎡,不可售,
20260513_170055,GX2025014,16号楼,第2单元,6层,601,三室二厅,143.82m²,15855元/㎡,不可售,
20260513_170055,GX2025014,16号楼,第2单元,6层,602,三室二厅,143.82m²,15817元/㎡,不可售,
20260513_170055,GX2025014,16号楼,第2单元,7层,701,顶层复式,176.57m²,19062元/㎡,可售,
20260513_170055,GX2025014,16号楼,第2单元,7层,702,顶层复式,176.57m²,18936元/㎡,可售,
20260513_170055,GX2025014,16号楼,第3单元,1层,101,三室二厅,137.89m²,23812元/㎡,不可售,
20260513_170055,GX2025014,16号楼,第3单元,1层,102,三室二厅,143.76m²,24854元/㎡,不可售,
20260513_170055,GX2025014,16号楼,第3单元,2层,201,三室二厅,143.76m²,15417元/㎡,不可售,
20260513_170055,GX2025014,16号楼,第3单元,2层,202,三室二厅,143.76m²,15355元/㎡,不可售,
20260513_170055,GX2025014,16号楼,第3单元,3层,301,三室二厅,143.76m²,15667元/㎡,不可售,
20260513_170055,GX2025014,16号楼,第3单元,3层,302,三室二厅,143.76m²,15605元/㎡,不可售,
20260513_170055,GX2025014,16号楼,第3单元,4层,401,三室二厅,143.76m²,15480元/㎡,不可售,
20260513_170055,GX2025014,16号楼,第3单元,4层,402,三室二厅,143.76m²,15417元/㎡,不可售,
20260513_170055,GX2025014,16号楼,第3单元,5层,501,三室二厅,143.76m²,15730元/㎡,不可售,
20260513_170055,GX2025014,16号楼,第3单元,5层,502,三室二厅,143.76m²,15667元/㎡,不可售,
20260513_170055,GX2025014,16号楼,第3单元,6层,601,三室二厅,143.76m²,15792元/㎡,不可售,
20260513_170055,GX2025014,16号楼,第3单元,6层,602,三室二厅,143.76m²,15730元/㎡,不可售,
20260513_170055,GX2025014,16号楼,第3单元,7层,701,三室二厅,143.76m²,15730元/㎡,可售,
20260513_170055,GX2025014,16号楼,第3单元,7层,702,三室二厅,143.76m²,15667元/㎡,可售,
20260513_170055,GX2025014,16号楼,第3单元,8层,801,顶层复式,176.5m²,18916元/㎡,可售,
20260513_170055,GX2025014,16号楼,第3单元,8层,802,顶层复式,176.5m²,18854元/㎡,可售,
20260513_170055,GX2025010,17号楼,第1单元,1层,101,三室二厅,143.82m²,24483元/㎡,可售,
20260513_170055,GX2025010,17号楼,第1单元,1层,102,三室二厅,137.94m²,24323元/㎡,可售,
20260513_170055,GX2025010,17号楼,第1单元,2层,201,三室二厅,143.82m²,15506元/㎡,不可售,
20260513_170055,GX2025010,17号楼,第1单元,2层,202,三室二厅,143.82m²,15481元/㎡,可售,
20260513_170055,GX2025010,17号楼,第1单元,3层,301,三室二厅,143.82m²,15756元/㎡,可售,
20260513_170055,GX2025010,17号楼,第1单元,3层,302,三室二厅,143.82m²,15731元/㎡,可售,
20260513_170055,GX2025010,17号楼,第1单元,4层,401,三室二厅,143.82m²,15568元/㎡,可售,
20260513_170055,GX2025010,17号楼,第1单元,4层,402,三室二厅,143.82m²,15543元/㎡,可售,
20260513_170055,GX2025010,17号楼,第1单元,5层,501,三室二厅,143.82m²,15818元/㎡,可售,
20260513_170055,GX2025010,17号楼,第1单元,5层,502,三室二厅,143.82m²,15793元/㎡,可售,
20260513_170055,GX2025010,17号楼,第1单元,6层,601,三室二厅,143.82m²,15881元/㎡,可售,
20260513_170055,GX2025010,17号楼,第1单元,6层,602,三室二厅,143.82m²,15856元/㎡,可售,
20260513_170055,GX2025010,17号楼,第1单元,7层,701,顶层复式,176.57m²,18999元/㎡,可售,
20260513_170055,GX2025010,17号楼,第1单元,7层,702,顶层复式,176.57m²,19063元/㎡,可售,
20260513_170055,GX2025010,17号楼,第2单元,1层,101,三室二厅,137.94m²,24737元/㎡,可售,
20260513_170055,GX2025010,17号楼,第2单元,1层,102,三室二厅,143.82m²,24051元/㎡,可售,
20260513_170055,GX2025010,17号楼,第2单元,2层,201,三室二厅,143.82m²,15443元/㎡,可售,
20260513_170055,GX2025010,17号楼,第2单元,2层,202,三室二厅,143.82m²,15406元/㎡,可售,
20260513_170055,GX2025010,17号楼,第2单元,3层,301,三室二厅,143.82m²,15693元/㎡,可售,
20260513_170055,GX2025010,17号楼,第2单元,3层,302,三室二厅,143.82m²,15656元/㎡,可售,
20260513_170055,GX2025010,17号楼,第2单元,4层,401,三室二厅,143.82m²,15506元/㎡,可售,
20260513_170055,GX2025010,17号楼,第2单元,4层,402,三室二厅,143.82m²,15468元/㎡,可售,
20260513_170055,GX2025010,17号楼,第2单元,5层,501,三室二厅,143.82m²,15756元/㎡,可售,
20260513_170055,GX2025010,17号楼,第2单元,5层,502,三室二厅,143.82m²,15718元/㎡,可售,
20260513_170055,GX2025010,17号楼,第2单元,6层,601,三室二厅,143.82m²,15818元/㎡,可售,
20260513_170055,GX2025010,17号楼,第2单元,6层,602,三室二厅,143.82m²,15781元/㎡,可售,
20260513_170055,GX2025010,17号楼,第2单元,7层,701,顶层复式,176.57m²,19025元/㎡,可售,
20260513_170055,GX2025010,17号楼,第2单元,7层,702,顶层复式,176.57m²,18899元/㎡,可售,
20260513_170055,GX2025010,17号楼,第3单元,1层,101,三室二厅,137.89m²,24224元/㎡,可售,
20260513_170055,GX2025010,17号楼,第3单元,1层,102,三室二厅,143.76m²,24886元/㎡,可售,
20260513_170055,GX2025010,17号楼,第3单元,2层,201,三室二厅,143.76m²,15381元/㎡,可售,
20260513_170055,GX2025010,17号楼,第3单元,2层,202,三室二厅,143.76m²,15318元/㎡,可售,
20260513_170055,GX2025010,17号楼,第3单元,3层,301,三室二厅,143.76m²,15631元/㎡,可售,
20260513_170055,GX2025010,17号楼,第3单元,3层,302,三室二厅,143.76m²,15568元/㎡,可售,
20260513_170055,GX2025010,17号楼,第3单元,4层,401,三室二厅,143.76m²,15443元/㎡,可售,
20260513_170055,GX2025010,17号楼,第3单元,4层,402,三室二厅,143.76m²,15381元/㎡,可售,
20260513_170055,GX2025010,17号楼,第3单元,5层,501,三室二厅,143.76m²,15693元/㎡,可售,
20260513_170055,GX2025010,17号楼,第3单元,5层,502,三室二厅,143.76m²,15631元/㎡,可售,
20260513_170055,GX2025010,17号楼,第3单元,6层,601,三室二厅,143.76m²,15756元/㎡,可售,
20260513_170055,GX2025010,17号楼,第3单元,6层,602,三室二厅,143.76m²,15693元/㎡,可售,
20260513_170055,GX2025010,17号楼,第3单元,7层,701,三室二厅,143.76m²,15693元/㎡,可售,
20260513_170055,GX2025010,17号楼,第3单元,7层,702,三室二厅,143.76m²,15631元/㎡,可售,
20260513_170055,GX2025010,17号楼,第3单元,8层,801,顶层复式,176.5m²,18880元/㎡,可售,
20260513_170055,GX2025010,17号楼,第3单元,8层,802,顶层复式,176.5m²,18817元/㎡,可售,
20260513_170055,GX2025015,18号楼,第1单元,10层,1001,三室二厅,127.27m²,15006元/㎡,可售,
20260513_170055,GX2025015,18号楼,第1单元,10层,1002,三室二厅,127.27m²,14981元/㎡,可售,
20260513_170055,GX2025015,18号楼,第1单元,11层,1101,三室二厅,127.27m²,14506元/㎡,可售,
20260513_170055,GX2025015,18号楼,第1单元,11层,1102,三室二厅,127.27m²,14481元/㎡,已售,
20260513_170055,GX2025015,18号楼,第1单元,12层,楼梯间,,50.49m²,,不可售,
20260513_170055,GX2025015,18号楼,第1单元,12层,屋顶水箱间,,49.2m²,,不可售,
20260513_170055,GX2025015,18号楼,第1单元,1层,101,三室二厅,127.09m²,20075元/㎡,可售,
20260513_170055,GX2025015,18号楼,第1单元,1层,102,二室二厅,107.52m²,17259元/㎡,可售,
20260513_170055,GX2025015,18号楼,第1单元,1层,地下车库门廊,,4.14m²,,不可售,
20260513_170055,GX2025015,18号楼,第1单元,1层,地下车库排风井、送风井,,5.86m²,,不可售,
20260513_170055,GX2025015,18号楼,第1单元,2层,201,三室二厅,127.27m²,14756元/㎡,不可售,
20260513_170055,GX2025015,18号楼,第1单元,2层,202,三室二厅,127.27m²,14731元/㎡,不可售,
20260513_170055,GX2025015,18号楼,第1单元,3层,301,三室二厅,127.27m²,14881元/㎡,不可售,
20260513_170055,GX2025015,18号楼,第1单元,3层,302,三室二厅,127.27m²,14856元/㎡,不可售,
20260513_170055,GX2025015,18号楼,第1单元,4层,401,三室二厅,127.27m²,14781元/㎡,可售,
20260513_170055,GX2025015,18号楼,第1单元,4层,402,三室二厅,127.27m²,14758元/㎡,可售,
20260513_170055,GX2025015,18号楼,第1单元,5层,501,三室二厅,127.27m²,15069元/㎡,可售,
20260513_170055,GX2025015,18号楼,第1单元,5层,502,三室二厅,127.27m²,15044元/㎡,可售,
20260513_170055,GX2025015,18号楼,第1单元,6层,601,三室二厅,127.27m²,15131元/㎡,可售,
20260513_170055,GX2025015,18号楼,第1单元,6层,602,三室二厅,127.27m²,15106元/㎡,可售,
20260513_170055,GX2025015,18号楼,第1单元,7层,701,三室二厅,127.27m²,15194元/㎡,可售,
20260513_170055,GX2025015,18号楼,第1单元,7层,702,三室二厅,127.27m²,15169元/㎡,可售,
20260513_170055,GX2025015,18号楼,第1单元,8层,801,三室二厅,127.27m²,15231元/㎡,可售,
20260513_170055,GX2025015,18号楼,第1单元,8层,802,三室二厅,127.27m²,15206元/㎡,可售,
20260513_170055,GX2025015,18号楼,第1单元,9层,901,三室二厅,127.27m²,15256元/㎡,已售,
20260513_170055,GX2025015,18号楼,第1单元,9层,902,三室二厅,127.27m²,15231元/㎡,可售,
20260513_170055,GX2025015,18号楼,第2单元,10层,1001,三室二厅,127.27m²,14944元/㎡,可售,
20260513_170055,GX2025015,18号楼,第2单元,10层,1002,三室二厅,127.27m²,14906元/㎡,已售,
20260513_170055,GX2025015,18号楼,第2单元,11层,1101,三室二厅,127.27m²,14444元/㎡,可售,
20260513_170055,GX2025015,18号楼,第2单元,11层,1102,三室二厅,127.27m²,14406元/㎡,可售,
20260513_170055,GX2025015,18号楼,第2单元,1层,101,二室二厅,107.52m²,17222元/㎡,已售,
20260513_170055,GX2025015,18号楼,第2单元,1层,102,三室二厅,127.09m²,18264元/㎡,已售,
20260513_170055,GX2025015,18号楼,第2单元,2层,201,三室二厅,127.27m²,14694元/㎡,可售,
20260513_170055,GX2025015,18号楼,第2单元,2层,202,三室二厅,127.27m²,14656元/㎡,可售,
20260513_170055,GX2025015,18号楼,第2单元,3层,301,三室二厅,127.27m²,14819元/㎡,可售,
20260513_170055,GX2025015,18号楼,第2单元,3层,302,三室二厅,127.27m²,14781元/㎡,可售,
20260513_170055,GX2025015,18号楼,第2单元,4层,401,三室二厅,127.27m²,14719元/㎡,可售,
20260513_170055,GX2025015,18号楼,第2单元,4层,402,三室二厅,127.27m²,14681元/㎡,可售,
20260513_170055,GX2025015,18号楼,第2单元,5层,501,三室二厅,127.27m²,15006元/㎡,可售,
20260513_170055,GX2025015,18号楼,第2单元,5层,502,三室二厅,127.27m²,14969元/㎡,可售,
20260513_170055,GX2025015,18号楼,第2单元,6层,601,三室二厅,127.27m²,15069元/㎡,已售,
20260513_170055,GX2025015,18号楼,第2单元,6层,602,三室二厅,127.27m²,15031元/㎡,已售,
20260513_170055,GX2025015,18号楼,第2单元,7层,701,三室二厅,127.27m²,15131元/㎡,可售,
20260513_170055,GX2025015,18号楼,第2单元,7层,702,三室二厅,127.27m²,15094元/㎡,可售,
20260513_170055,GX2025015,18号楼,第2单元,8层,801,三室二厅,127.27m²,15169元/㎡,可售,
20260513_170055,GX2025015,18号楼,第2单元,8层,802,三室二厅,127.27m²,15131元/㎡,可售,
20260513_170055,GX2025015,18号楼,第2单元,9层,901,三室二厅,127.27m²,15194元/㎡,可售,
20260513_170055,GX2025015,18号楼,第2单元,9层,902,三室二厅,127.27m²,15156元/㎡,可售,
20260513_170055,GX2025015,18号楼,第3单元,10层,1001,三室二厅,127.27m²,14881元/㎡,可售,
20260513_170055,GX2025015,18号楼,第3单元,10层,1002,三室二厅,127.27m²,14819元/㎡,可售,
20260513_170055,GX2025015,18号楼,第3单元,11层,1101,三室二厅,127.27m²,14381元/㎡,可售,
20260513_170055,GX2025015,18号楼,第3单元,11层,1102,三室二厅,127.27m²,14319元/㎡,可售,
20260513_170055,GX2025015,18号楼,第3单元,1层,101,二室二厅,107.52m²,17159元/㎡,不可售,
20260513_170055,GX2025015,18号楼,第3单元,1层,102,三室二厅,127.09m²,18973元/㎡,不可售,
20260513_170055,GX2025015,18号楼,第3单元,2层,201,三室二厅,127.27m²,14631元/㎡,不可售,
20260513_170055,GX2025015,18号楼,第3单元,2层,202,三室二厅,127.27m²,14569元/㎡,不可售,
20260513_170055,GX2025015,18号楼,第3单元,3层,301,三室二厅,127.27m²,14756元/㎡,不可售,
20260513_170055,GX2025015,18号楼,第3单元,3层,302,三室二厅,127.27m²,14694元/㎡,不可售,
20260513_170055,GX2025015,18号楼,第3单元,4层,401,三室二厅,127.27m²,14656元/㎡,可售,
20260513_170055,GX2025015,18号楼,第3单元,4层,402,三室二厅,127.27m²,14594元/㎡,可售,
20260513_170055,GX2025015,18号楼,第3单元,5层,501,三室二厅,127.27m²,14944元/㎡,可售,
20260513_170055,GX2025015,18号楼,第3单元,5层,502,三室二厅,127.27m²,14881元/㎡,可售,
20260513_170055,GX2025015,18号楼,第3单元,6层,601,三室二厅,127.27m²,15006元/㎡,可售,
20260513_170055,GX2025015,18号楼,第3单元,6层,602,三室二厅,127.27m²,14944元/㎡,可售,
20260513_170055,GX2025015,18号楼,第3单元,7层,701,三室二厅,127.27m²,15069元/㎡,可售,
20260513_170055,GX2025015,18号楼,第3单元,7层,702,三室二厅,127.27m²,15006元/㎡,可售,
20260513_170055,GX2025015,18号楼,第3单元,8层,801,三室二厅,127.27m²,15106元/㎡,可售,
20260513_170055,GX2025015,18号楼,第3单元,8层,802,三室二厅,127.27m²,15044元/㎡,可售,
20260513_170055,GX2025015,18号楼,第3单元,9层,901,三室二厅,127.27m²,15131元/㎡,可售,
20260513_170055,GX2025015,18号楼,第3单元,9层,902,三室二厅,127.27m²,15069元/㎡,可售,
